封面链接,收费情况,追番人数,播放状态,番剧名,番剧链接
http://i0.hdslb.com/bfs/bangumi/image/4179b4398bad6f92e876e352cae21be7b8ceb8bf.png,会员专享,854.5万追番,全26话,鬼灭之刃,https://www.bilibili.com/bangumi/play/ss26801
http://i0.hdslb.com/bfs/bangumi/image/962b27ff452b5daf98038a10a6dad3c134916e7d.png,,831.3万追番,即将开播,鬼灭之刃（中配）,https://www.bilibili.com/bangumi/play/ss34004
http://i0.hdslb.com/bfs/bangumi/image/f2425cbdb07cc93bd0d3ba1c0099bfe78f5dc58a.png,会员抢先,721.7万追番,更新至第6话,Re：从零开始的异世界生活 第二季,https://www.bilibili.com/bangumi/play/ss33802
http://i0.hdslb.com/bfs/bangumi/f5d5f51b941c01f8b90b361b412dc75ecc2608d3.png,会员专享,688万追番,全14话,工作细胞,https://www.bilibili.com/bangumi/play/ss24588
http://i0.hdslb.com/bfs/bangumi/image/83ad052250e9a803e4ebaa47bef971cb079e0543.png,会员专享,678.4万追番,全12话,辉夜大小姐想让我告白？～天才们的恋爱头脑战～,https://www.bilibili.com/bangumi/play/ss32982
http://i0.hdslb.com/bfs/bangumi/a223b1376633625be1cd214c34d8bf34a1e03770.jpg,,630.7万追番,全12话,埃罗芒阿老师,https://www.bilibili.com/bangumi/play/ss5997
http://i0.hdslb.com/bfs/bangumi/image/54d9ca94ca84225934e0108417c2a1cc16be38fb.png,会员抢先,620万追番,更新至第18话,刀剑神域 爱丽丝篇 异界战争 -终章-,https://www.bilibili.com/bangumi/play/ss32781
http://i0.hdslb.com/bfs/bangumi/a79e331b7443ed5df5a2acd345dc41d598d46ff9.jpg,会员专享,619.1万追番,全12话,欢迎来到实力至上主义的教室,https://www.bilibili.com/bangumi/play/ss6339
http://i0.hdslb.com/bfs/bangumi/320a6c9893a874e7db755ecb7316a0d0abccec49.jpg,会员专享,605.7万追番,全14话,小林家的龙女仆,https://www.bilibili.com/bangumi/play/ss5800
http://i0.hdslb.com/bfs/bangumi/451037aabcdce0379752e087720673609894161a.png,会员专享,600.7万追番,全12话,辉夜大小姐想让我告白～天才们的恋爱头脑战～,https://www.bilibili.com/bangumi/play/ss26274
http://i0.hdslb.com/bfs/bangumi/a4c0e0ccc44fe3949a734f546cf5bb07da925bad.png,会员专享,588.7万追番,全28话,关于我转生变成史莱姆这档事,https://www.bilibili.com/bangumi/play/ss25739
http://i0.hdslb.com/bfs/bangumi/1cc333ff578e5ea9fded7e454953a4e2291440c2.png,会员专享,569.4万追番,全13话,青春猪头少年不会梦到兔女郎学姐,https://www.bilibili.com/bangumi/play/ss25733
http://i0.hdslb.com/bfs/bangumi/b6e3986355efc081b7f4aaf9f576c9ce8116e193.jpg,付费观看,561.6万追番,全14话,紫罗兰永恒花园,https://www.bilibili.com/bangumi/play/ss21542
http://i0.hdslb.com/bfs/bangumi/image/85c6e348a00a54d0b86d538efb186e006a027e21.png,会员抢先,557.2万追番,更新至第19话,某科学的超电磁炮T,https://www.bilibili.com/bangumi/play/ss29325
http://i0.hdslb.com/bfs/bangumi/image/3c125e1aad08643e3eff2fb7d45e740c1a052725.png,会员专享,553.8万追番,全13话,Re：从零开始的异世界生活 新编集版,https://www.bilibili.com/bangumi/play/ss29590
http://i0.hdslb.com/bfs/bangumi/image/107eb93eff876dee16da4bf270b31c3e250e49d6.png,会员专享,549.4万追剧,2020-01-10上映,紫罗兰永恒花园外传：永远与自动手记人偶,https://www.bilibili.com/bangumi/play/ss31779?theme=movie
http://i0.hdslb.com/bfs/bangumi/7c1f3ca60da441ffbc2425409ee2a5c379264568.jpg,会员专享,527.6万追番,全25话,Re：从零开始的异世界生活,https://www.bilibili.com/bangumi/play/ss3461
http://i0.hdslb.com/bfs/bangumi/327056a886f2c7cba6175a80eed2f78098cec5b1.png,会员专享,510.6万追番,全13话,刀剑神域 爱丽丝篇 异界战争,https://www.bilibili.com/bangumi/play/ss28615
http://i0.hdslb.com/bfs/bangumi/image/82d628408f5472f1440982e880b0b4f0146862ad.png,会员抢先,491.2万追番,更新至第6话,我的青春恋爱物语果然有问题。完,https://www.bilibili.com/bangumi/play/ss32998
http://i0.hdslb.com/bfs/bangumi/14ba6643f22405e2777cca992002cc6411601334.jpg,会员专享,490.4万追番,全13话,在下坂本，有何贵干？,https://www.bilibili.com/bangumi/play/ss3450
http://i0.hdslb.com/bfs/bangumi/image/f80be7aff49a33dbf5d773ac5a669e7bfe898ad5.jpg,会员专享,488.1万追番,全1话,Re：从零开始的异世界生活 冰结之绊,https://www.bilibili.com/bangumi/play/ss31151
http://i0.hdslb.com/bfs/bangumi/image/137c9c239aed5d7666f35ab1d28528547d05544f.png,会员专享,485.6万追番,全1话,Re：从零开始的异世界生活 Memory Snow(雪之回忆),https://www.bilibili.com/bangumi/play/ss31150
http://i0.hdslb.com/bfs/bangumi/074056b8543ed2ceb53dc13a79da1eafa3fa921a.jpg,会员专享,485.6万追番,全22话,冰菓,https://www.bilibili.com/bangumi/play/ss3398
http://i0.hdslb.com/bfs/bangumi/b308ed7b60b8f7ff70f8a122adeb75914702611f.jpg,,469.5万追番,全13话,OVERLORD Ⅲ,https://www.bilibili.com/bangumi/play/ss24596
http://i0.hdslb.com/bfs/bangumi/851f979c8ebcc7583a43abd4b786c4e2e66b746b.jpg,,456.5万追番,全13话,OVERLORD Ⅱ,https://www.bilibili.com/bangumi/play/ss21466
http://i0.hdslb.com/bfs/bangumi/0f11dfac18d744518669b2d211263f03d41d619c.png,会员专享,454万追番,全16话,Angels of Death,https://www.bilibili.com/bangumi/play/ss24625
http://i0.hdslb.com/bfs/bangumi/716297d3ec59a00817ef54ad1aa842231a913b25.jpg,,453.5万追番,全12话,徒然喜欢你,https://www.bilibili.com/bangumi/play/ss6312
http://i0.hdslb.com/bfs/bangumi/image/cfafce51c36912bbe0b25993c7fd9489456c7120.png,会员专享,451.3万追番,全1话,青春猪头少年不会梦到怀梦美少女,https://www.bilibili.com/bangumi/play/ss28965?theme=movie
http://i0.hdslb.com/bfs/bangumi/image/8021d3f6b0df6dbba6d32f76eb9cfe2531e166c4.png,会员专享,446.3万追番,全12话,因为太怕痛就全点防御力了,https://www.bilibili.com/bangumi/play/ss29358
http://i0.hdslb.com/bfs/bangumi/b8e72ea69e57e0b7ac85d8b4d366554fd866df1a.jpg,,445.8万追番,全13话,OVERLORD,https://www.bilibili.com/bangumi/play/ss2576
http://i0.hdslb.com/bfs/bangumi/e4edc4b821e92840453fe6e36ade81d92e85d0bc.jpg,会员专享,434.9万追番,全12话,干物妹！小埋R,https://www.bilibili.com/bangumi/play/ss6446
http://i0.hdslb.com/bfs/bangumi/image/473b8f1c7e23c79b868ef46df3f3cff67362f285.jpg,会员专享,432.3万追番,全24话,刀剑神域 Alicization,https://www.bilibili.com/bangumi/play/ss25510
http://i0.hdslb.com/bfs/bangumi/image/aad797f1f0212aba5578a1ed1c992ef1b9ff7c4b.jpg,限时免费,425万追番,全24话,某科学的超电磁炮,https://www.bilibili.com/bangumi/play/ss425
http://i0.hdslb.com/bfs/bangumi/6b6b2423ceff5fbdfbbee3a09a85173b8bd59a03.jpg,,424.5万追番,全22话,四月是你的谎言,https://www.bilibili.com/bangumi/play/ss1699
http://i0.hdslb.com/bfs/bangumi/image/ef60e620eb507d48c1e8e6002728fae4553f9161.png,会员专享,414.8万追番,全22话,命运-冠位指定 绝对魔兽战线 巴比伦尼亚,https://www.bilibili.com/bangumi/play/ss28320
http://i0.hdslb.com/bfs/bangumi/image/9d8d2922b08f3d08d018e6e59e49607cf16d39e6.png,会员专享,411.8万追番,全26话,JOJO的奇妙冒险,https://www.bilibili.com/bangumi/play/ss4334
http://i0.hdslb.com/bfs/bangumi/7203889dcc88b3efb9c94c933fa61851dba0c7a8.png,会员专享,411.2万追番,全12话,这个勇者明明超强却过分慎重,https://www.bilibili.com/bangumi/play/ss28625
http://i0.hdslb.com/bfs/bangumi/207b3c90f16629eb54f060d54d5efb7d29bb9563.jpg,会员专享,409.1万追番,全12话,干物妹！小埋,https://www.bilibili.com/bangumi/play/ss2580
http://i0.hdslb.com/bfs/bangumi/4de96771bc75627711470bf0864dda9c3e950bbc.png,会员专享,385.3万追剧,2019-07-12上映,命运之夜——天之杯II ：迷失之蝶,https://www.bilibili.com/bangumi/play/ss28332?theme=movie
http://i0.hdslb.com/bfs/bangumi/3fc16a667502cbff226e585eb660a96a20c7458c.png,会员专享,381.8万追番,全24话,多罗罗,https://www.bilibili.com/bangumi/play/ss26146
http://i0.hdslb.com/bfs/bangumi/1804e361cc9fefad1fd8be8245f3b35ff685ae1a.jpg,,380.1万追番,全25话,Fate/Apocrypha,https://www.bilibili.com/bangumi/play/ss6301
http://i0.hdslb.com/bfs/bangumi/f34ff3975c39913af936c133ae60a5891babba08.png,会员专享,377万追番,全39话,JOJO的奇妙冒险 黄金之风,https://www.bilibili.com/bangumi/play/ss25681
http://i0.hdslb.com/bfs/bangumi/de944b7c9306932d8dd3dcaeaf2eeec8670deec5.png,会员专享,370.7万追番,全25话,盾之勇者成名录,https://www.bilibili.com/bangumi/play/ss26284
http://i0.hdslb.com/bfs/bangumi/image/9bf9e66968f85b33ec3769a16c86b36dc984abbc.png,会员专享,369.6万追番,全13话,异度侵入 ID:INVADED,https://www.bilibili.com/bangumi/play/ss29310
http://i0.hdslb.com/bfs/bangumi/image/e67e09c9e48a32371a81100e0f65a61b18aabb24.png,,363.8万追番,全13话,Fate/stay night [Unlimited Blade Works] 第一季,https://www.bilibili.com/bangumi/play/ss1586
http://i0.hdslb.com/bfs/bangumi/image/47c0108259355d6d2c517ed97f6b90fb777f844f.png,会员专享,363.3万追番,全24话,JOJO的奇妙冒险  星尘远征军,https://www.bilibili.com/bangumi/play/ss4185
http://i0.hdslb.com/bfs/bangumi/image/ba59822eded39b5254fb01448a7f1502101d5624.png,会员专享,361.1万追番,全6话,齐木楠雄的灾难 始动篇,https://www.bilibili.com/bangumi/play/ss29052
http://i0.hdslb.com/bfs/bangumi/image/0310ac2b537fb8aed2eccd95a2762cf48bab0904.png,会员专享,355.2万追番,全12话,虚构推理,https://www.bilibili.com/bangumi/play/ss29366
http://i0.hdslb.com/bfs/bangumi/0406cd1398ad8ae0e9623bed5544d6002d8d30be.jpg,,354.8万追番,全13话,我的青春恋爱物语果然有问题。,https://www.bilibili.com/bangumi/play/ss1539
http://i0.hdslb.com/bfs/bangumi/image/f6709b76e88f50aa132d1e09e2d8de9663a09b3e.png,会员专享,353.4万追番,全24话,JOJO的奇妙冒险 星尘远征军 埃及篇,https://www.bilibili.com/bangumi/play/ss4213
http://i0.hdslb.com/bfs/bangumi/9c3e77244687a81e4b75e88ec22eeb8dbaa26380.jpg,,351.4万追番,全13话,Charlotte,https://www.bilibili.com/bangumi/play/ss2572
http://i0.hdslb.com/bfs/bangumi/image/6c1ca4159442a6de3577bbee5e583be72b00499f.jpg,会员专享,340.3万追番,全11话,我们仍未知道那天所看见的花的名字。,https://www.bilibili.com/bangumi/play/ss835
http://i0.hdslb.com/bfs/bangumi/cb536ffb951d5730075012375785d649ce8bccc8.jpg,,338.1万追番,全13话,路人女主的养成方法,https://www.bilibili.com/bangumi/play/ss1512
http://i0.hdslb.com/bfs/bangumi/f7175cd20de509e2bfd43255c28cf4e24841480d.jpg,,337万追番,全12话,NO GAME NO LIFE 游戏人生,https://www.bilibili.com/bangumi/play/ss184
http://i0.hdslb.com/bfs/bangumi/6fbd8eba88bbe5ea90b760771e5fca61117c00e9.png,会员专享,336.7万追番,全12话,五等分的新娘,https://www.bilibili.com/bangumi/play/ss26283
http://i0.hdslb.com/bfs/bangumi/b0207dd5dd7a1ce700b9e8f4dbbcfe03c922be6a.jpg,,335万追番,全12话,龙王的工作！,https://www.bilibili.com/bangumi/play/ss21554
http://i0.hdslb.com/bfs/bangumi/image/70497cb24cde8488f3a93bbf5bdee168188e826b.jpg,会员专享,327.7万追番,全12话,路人女主的养成方法 ♭,https://www.bilibili.com/bangumi/play/ss5971
http://i0.hdslb.com/bfs/bangumi/87afa5c4ec666fa4a17cb5c5e218aaf5d8032909.png,会员专享,319万追番,全1话,路人超能100 第一次灵能咨询所员工旅游～舒缓心灵的疗愈之旅~（OVA2）,https://www.bilibili.com/bangumi/play/ss28610
http://i0.hdslb.com/bfs/bangumi/c897c607f6d2e40a18cb9656aed48ea26c252721.jpg,,317.6万追番,全12话,笨女孩,https://www.bilibili.com/bangumi/play/ss6311
http://i0.hdslb.com/bfs/bangumi/3944fe0b84a5763cde6b0573773b89ba86b4321d.jpg,,317.3万追番,全22话,Re：创造主,https://www.bilibili.com/bangumi/play/ss5998
http://i0.hdslb.com/bfs/bangumi/46a9b18f6f7b08e30a781cf1b44594f1fb2c9e64.jpg,,311.6万追番,全13话,Fate/Zero 第一季,https://www.bilibili.com/bangumi/play/ss1650
http://i0.hdslb.com/bfs/bangumi/image/0318e1b5349c7c3714846723f6b64a50dc0b49ac.png,会员专享,310.7万追番,全12话,地缚少年花子君,https://www.bilibili.com/bangumi/play/ss29342
http://i0.hdslb.com/bfs/bangumi/7bf8baf33c1ecd4a7fea91e81d0143aabe1e1b7c.jpg,,307万追番,全24话,樱花庄的宠物女孩,https://www.bilibili.com/bangumi/play/ss687
http://i0.hdslb.com/bfs/bangumi/92824bc6a8c7aabbf494c0b276d4aa7b70842976.jpg,会员专享,302.8万追番,全12话,境界的彼方,https://www.bilibili.com/bangumi/play/ss3365
http://i0.hdslb.com/bfs/bangumi/f24f032372642f35257f66478ccfa51800b504a8.jpg,,301.4万追番,全13话,卫宫家今天的饭,https://www.bilibili.com/bangumi/play/ss22504
http://i0.hdslb.com/bfs/bangumi/a57b2da42518f7f496a75fd4cccae781c5346df7.jpg,会员专享,298.3万追番,全13话,中二病也要谈恋爱！,https://www.bilibili.com/bangumi/play/ss4340
http://i0.hdslb.com/bfs/bangumi/aff0dc6ea840c746c6401a08bf7aadc4bf8c5078.jpg,会员专享,296.6万追剧,2019-07-19上映,游戏人生 零,https://www.bilibili.com/bangumi/play/ss28381?theme=movie
http://i0.hdslb.com/bfs/bangumi/85ecf86a69c6f337ec7762922471eaf63020b26f.jpg,,290万追番,全24话,魔法禁书目录 第一季,https://www.bilibili.com/bangumi/play/ss963
http://i0.hdslb.com/bfs/bangumi/a92892921f3209f7784a954c37467c9869a1d4c1.png,会员专享,284.3万追番,全26话,魔法禁书目录 第三季,https://www.bilibili.com/bangumi/play/ss25617
http://i0.hdslb.com/bfs/bangumi/9585f07662bfc460d157fa431543aa98f6f3a9be.png,会员专享,282.9万追番,全12话,动物狂想曲 / BEASTARS,https://www.bilibili.com/bangumi/play/ss28542
http://i0.hdslb.com/bfs/bangumi/146b2d991c87c333553d2b7b6e15f009f9359517.jpg,会员专享,282.7万追番,全12话,宝石之国,https://www.bilibili.com/bangumi/play/ss6434
http://i0.hdslb.com/bfs/bangumi/16e8f574911bc1c2fc7b4fe2e2b8fa4fe04e1c13.jpg,,280.3万追番,全12话,月刊少女野崎君,https://www.bilibili.com/bangumi/play/ss53
http://i0.hdslb.com/bfs/bangumi/image/93e0aaf760327bbf074aff33f6ea3adf2c84ab5c.jpg,,280万追番,全22话,罪恶王冠,https://www.bilibili.com/bangumi/play/ss1588
http://i0.hdslb.com/bfs/bangumi/65f89e0a0d050ff987159829fcf565faae199d08.png,会员专享,276.1万追番,全12话,约定的梦幻岛,https://www.bilibili.com/bangumi/play/ss26281
http://i0.hdslb.com/bfs/bangumi/e1015a803ad97406f9eddfbc6ad608cc965f8b05.png,会员专享,275.6万追番,全13话,天使降临到我身边,https://www.bilibili.com/bangumi/play/ss26291
http://i0.hdslb.com/bfs/bangumi/07245c4bf4acb03a5819762fea3210c656aba66c.jpg,,275.4万追番,全22话,魔卡少女樱 CLEAR CARD篇,https://www.bilibili.com/bangumi/play/ss21421
http://i0.hdslb.com/bfs/bangumi/5ce66f68d54052e3a305524b9b06a76977e974fc.jpg,会员专享,275.1万追番,全12话,月色真美,https://www.bilibili.com/bangumi/play/ss5989
http://i0.hdslb.com/bfs/bangumi/e2b46584e29f2349748b48c5fb26ce02fcbca4e8.jpg,会员专享,274万追番,全12话,路人超能100(灵能百分百),https://www.bilibili.com/bangumi/play/ss5058
http://i0.hdslb.com/bfs/bangumi/ce55ba2772db23fcf816ac7f82afc2f6eb2c26c9.png,会员专享,268.7万追番,全14话,平凡职业造就世界最强,https://www.bilibili.com/bangumi/play/ss27995
http://i0.hdslb.com/bfs/bangumi/140bacf044bb0c0841bd1f0e4fc682d037f73f88.jpg,付费观看,267.1万追番,全13话,Fate/EXTRA Last Encore,https://www.bilibili.com/bangumi/play/ss21464
http://i0.hdslb.com/bfs/bangumi/image/d8a6884c2f839a5ffe5a0637608eec7910763411.png,会员专享,267.1万追番,全13话,公主连结Re:Dive,https://www.bilibili.com/bangumi/play/ss32963
http://i0.hdslb.com/bfs/bangumi/image/942d7b582025b1abcb1ee6e797407d4314867b02.png,会员专享,265.4万追番,全12话,转生成为了只有乙女游戏破灭Flag的邪恶大小姐,https://www.bilibili.com/bangumi/play/ss33055
http://i0.hdslb.com/bfs/bangumi/3e688cd89f778968bdf6f6d9ca6f3d20b76f04ea.jpg,,263.7万追番,全13话,可塑性记忆,https://www.bilibili.com/bangumi/play/ss1552
http://i0.hdslb.com/bfs/bangumi/6603936f61460f284c153b5fbdf2a8f6b2acb34c.jpg,,263.1万追番,全12话,甲铁城的卡巴内瑞,https://www.bilibili.com/bangumi/play/ss3494
http://i0.hdslb.com/bfs/bangumi/image/ae05a72b11d7f409bbff9475afb13dfca081ffd1.jpg,会员专享,262.9万追番,全24话,Ｄｒ．ＳＴＯＮＥ 石纪元,https://www.bilibili.com/bangumi/play/ss27993
http://i0.hdslb.com/bfs/bangumi/268f225ab92f4359bde36adbc0a76d6cf8bc5d4b.jpg,,262.7万追番,全13话,我的青春恋爱物语果然有问题。续,https://www.bilibili.com/bangumi/play/ss1540
http://i0.hdslb.com/bfs/bangumi/bdcab81683bf4f048de4fa4fe0754c3650e93fea.jpg,,261万追番,全12话,如果能写小说就好了,https://www.bilibili.com/bangumi/play/ss6440
http://i0.hdslb.com/bfs/bangumi/7b9a5a6e6c5ca157a4c18b01093a7bb1701f4606.jpg,,257.9万追番,全12话,珈百璃的堕落,https://www.bilibili.com/bangumi/play/ss5793
http://i0.hdslb.com/bfs/bangumi/ade6781efe9cdfd7e40cba2d6e34381287efa634.jpg,会员专享,254.8万追番,全12话,某科学的一方通行,https://www.bilibili.com/bangumi/play/ss28002
http://i0.hdslb.com/bfs/bangumi/152c536f8ecaad8f3d7d568d33da81c963a4a722.png,,254.6万追番,全12话,超能力女儿,https://www.bilibili.com/bangumi/play/ss23850
http://i0.hdslb.com/bfs/bangumi/745b04054e591da4f4172923a7d51de3dddb4288.jpg,会员专享,253.4万追番,全11话,阿宅的恋爱真难,https://www.bilibili.com/bangumi/play/ss23856
http://i0.hdslb.com/bfs/bangumi/7c9002f893f1a9debde1c38b860d64ef31c20d03.png,会员专享,253.4万追番,全12话,碧蓝之海,https://www.bilibili.com/bangumi/play/ss24581
http://i0.hdslb.com/bfs/bangumi/dd75beeae2b4c2753c03ccf36b51798dfbd577c2.jpg,,248.6万追番,全12话,终结的炽天使,https://www.bilibili.com/bangumi/play/ss1555
http://i0.hdslb.com/bfs/bangumi/4e7a26393e211dffdebf5a668c0faf71b533b13d.jpg,,248.3万追番,全23话,CLANNAD,https://www.bilibili.com/bangumi/play/ss1177
http://i0.hdslb.com/bfs/bangumi/216e1bdaf88244215a13b1154116805ee9adbe07.png,会员专享,248.2万追番,全13话,路人超能100 II(灵能百分百 第二季),https://www.bilibili.com/bangumi/play/ss26297
http://i0.hdslb.com/bfs/bangumi/d3ce7564ddf58b2f7245b104fb578a5655e55168.jpg,会员专享,248.2万追番,全13话,夏目友人帐,https://www.bilibili.com/bangumi/play/ss1660
http://i0.hdslb.com/bfs/bangumi/f1146494f45cc2c4a3fa0d081c5ecf4bc3147442.jpg,会员专享,246.3万追番,全12话,野良神,https://www.bilibili.com/bangumi/play/ss2731
http://i0.hdslb.com/bfs/bangumi/fcdb9db0cc3f5c0c3aaa4ca1a9ddea6c121db471.jpg,,245.5万追番,全25话,刀剑神域,https://www.bilibili.com/bangumi/play/ss4452
http://i0.hdslb.com/bfs/bangumi/image/33680a2209c4dba76322b2ffeeaf3dd821db576c.png,会员专享,245.4万追剧,2019-11-01上映,天气之子,https://www.bilibili.com/bangumi/play/ss33343?theme=movie
http://i0.hdslb.com/bfs/bangumi/2673ac643b48eb5bda64c960a2ca850fbebb839d.jpg,会员专享,239.9万追番,全11话,夏目友人帐 伍,https://www.bilibili.com/bangumi/play/ss5550
http://i0.hdslb.com/bfs/bangumi/b1a70dca34c06545c36d7e5f29155c8c8817e36e.jpg,,236.9万追番,全13话,Fate/stay night [Unlimited Blade Works] 第二季,https://www.bilibili.com/bangumi/play/ss1587
http://i0.hdslb.com/bfs/bangumi/36b93d65479f702b82f4f1fb9ace752b8b25f420.jpg,,233.8万追番,全12话,线上游戏的队友不可能是女生？,https://www.bilibili.com/bangumi/play/ss3495
http://i0.hdslb.com/bfs/bangumi/a48979a3e3196fc33df796132072c0bd171f4918.jpg,,232.9万追番,全24话,食戟之灵,https://www.bilibili.com/bangumi/play/ss1559
http://i0.hdslb.com/bfs/bangumi/956d61c245c5ac99ac8063f92402ce9c89243475.png,会员专享,232.4万追番,全12话,文豪野犬 第三季,https://www.bilibili.com/bangumi/play/ss26769
http://i0.hdslb.com/bfs/bangumi/image/044eaa60080e172cef2f29e05ffad3fe8b65c86b.jpg,会员抢先,231.7万追番,更新至第7话,炎炎消防队 贰之章,https://www.bilibili.com/bangumi/play/ss33805
http://i0.hdslb.com/bfs/bangumi/fd61c0a8680678960446a849f2079e0de09d4290.png,会员专享,227万追番,全12话,约会大作战 第三季,https://www.bilibili.com/bangumi/play/ss26308
http://i0.hdslb.com/bfs/bangumi/3004faf93cb5a78aa4d2122e25d914ec8640a273.jpg,,225.7万追番,全12话,男子高中生的日常,https://www.bilibili.com/bangumi/play/ss2680
http://i0.hdslb.com/bfs/bangumi/ad4dc7bf7bef59255536e54fe818985b0e270d14.jpg,,224.6万追番,全12话,约会大作战,https://www.bilibili.com/bangumi/play/ss4188
http://i0.hdslb.com/bfs/bangumi/image/4fed6a1e2e9aae0f171c904c36c23384586e8d90.png,,223.9万追番,全1话,秒速五厘米,https://www.bilibili.com/bangumi/play/ss2688?theme=movie
http://i0.hdslb.com/bfs/bangumi/97007f464a9511abdbf8bf938c01dcdbaab151e0.jpg,会员专享,222.5万追番,全12话,女高中生的虚度日常,https://www.bilibili.com/bangumi/play/ss28016
http://i0.hdslb.com/bfs/bangumi/image/db92d4a50936147f0d3c235b9af880e6dc3f5bad.png,会员专享,222.1万追番,全26话,日常,https://www.bilibili.com/bangumi/play/ss844
http://i0.hdslb.com/bfs/bangumi/b7de3941ff421c3942e8b73649318773e029a5d6.png,会员专享,220.8万追番,全24话,CAROLE & TUESDAY,https://www.bilibili.com/bangumi/play/ss26875
http://i0.hdslb.com/bfs/bangumi/4c7324327dd9ae035007c3e9bc40cd2ce08635b1.jpg,会员专享,219.8万追番,全12话,擅长捉弄的高木同学 第二季,https://www.bilibili.com/bangumi/play/ss28006
http://i0.hdslb.com/bfs/bangumi/b75c55d209d156c8631f5ceb21e5c52c834dbb60.jpg,,219.4万追番,全1话,Fate/Grand Order ‐First Order‐,https://www.bilibili.com/bangumi/play/ss5747
http://i0.hdslb.com/bfs/bangumi/2b1aa93137e60ffc61d2376b9aba49def796149b.jpg,,217万追番,全12话,元气少女缘结神◎,https://www.bilibili.com/bangumi/play/ss1523
http://i0.hdslb.com/bfs/bangumi/1a017ba38809a4939bae1ef65cd2815832fc3a80.jpg,会员专享,216.5万追番,全13话,君主·埃尔梅罗二世事件簿 魔眼收集列车 Grace note,https://www.bilibili.com/bangumi/play/ss26363
http://i0.hdslb.com/bfs/bangumi/6b4ba7bd59be1f9de225294d18ca5e6819185c06.jpg,,216.3万追番,全13话,食戟之灵 贰之皿,https://www.bilibili.com/bangumi/play/ss5017
http://i0.hdslb.com/bfs/bangumi/2a172a77601a23cce4119174f79e04a812604317.png,会员专享,215.1万追番,全23话,入间同学入魔了,https://www.bilibili.com/bangumi/play/ss28638
http://i0.hdslb.com/bfs/bangumi/22a01c03926869ab31e7b158ffe15e783930da71.jpg,,214.4万追番,全12话,落第骑士英雄谭,https://www.bilibili.com/bangumi/play/ss2743
http://i0.hdslb.com/bfs/bangumi/6a04c87e990ab74cd8d555ef45a863de0993b161.png,会员专享,213.9万追番,全39话,JOJO的奇妙冒险 不灭钻石,https://www.bilibili.com/bangumi/play/ss5398
http://i0.hdslb.com/bfs/bangumi/4f3302a21bc658addbf9220e20ae71e18474956d.jpg,会员专享,213.7万追番,全24话,炎炎消防队,https://www.bilibili.com/bangumi/play/ss27959
http://i0.hdslb.com/bfs/bangumi/image/977d915210fda50930ca824bd0711a11dda945ab.png,会员专享,213.6万追番,全12话,理科生坠入情网，故尝试证明。,https://www.bilibili.com/bangumi/play/ss29110
http://i0.hdslb.com/bfs/bangumi/88775e3bd8fa1dc147b5e1686c604162cf06ae8b.jpg,会员专享,212.4万追番,全13话,野良神 ARAGOTO,https://www.bilibili.com/bangumi/play/ss2732
http://i0.hdslb.com/bfs/bangumi/5e32e992cbb666d42b931a1ab8e3752f9d490b93.jpg,会员专享,212.4万追番,全24话,齐木楠雄的灾难 第二季,https://www.bilibili.com/bangumi/play/ss21469
http://i0.hdslb.com/bfs/bangumi/31dea885d14e5dcb4e00f96e8c245f25ee452521.png,会员专享,212.3万追番,全24话,诸神的逆鳞,https://www.bilibili.com/bangumi/play/ss28598
http://i0.hdslb.com/bfs/bangumi/144910805f172d16c5f544f43939a05d8ca20576.jpg,,211.9万追番,全25话,龙与虎,https://www.bilibili.com/bangumi/play/ss1672
http://i0.hdslb.com/bfs/bangumi/image/090d4aa97754d1d80206e461eb633b28b9deed07.jpg,限时免费,211.6万追番,全24话,某科学的超电磁炮S,https://www.bilibili.com/bangumi/play/ss427
http://i0.hdslb.com/bfs/bangumi/d1f2baf4ea8217dd89d1aa3e45a75301b345b306.png,会员专享,211.3万追番,全12话,贤者之孙,https://www.bilibili.com/bangumi/play/ss26794
http://i0.hdslb.com/bfs/bangumi/7449bdd3c8067fec587a0cf2a8f7f1f5275b757f.jpg,会员专享,210.7万追番,全24话,齐木楠雄的灾难,https://www.bilibili.com/bangumi/play/ss5069
http://i0.hdslb.com/bfs/bangumi/401f84cadca354453e338c175c25fa971b67d224.jpg,会员专享,210.6万追番,全64话,钢之炼金术师 FULLMETAL ALCHEMIST,https://www.bilibili.com/bangumi/play/ss1089
http://i0.hdslb.com/bfs/bangumi/654466a6f0cf9aa9b73b800da152a460bfabbb89.jpg,,210.2万追番,全13话,我女友与青梅竹马的惨烈修罗场,https://www.bilibili.com/bangumi/play/ss2667
http://i0.hdslb.com/bfs/bangumi/image/38e2a273f528fd01c34f1fc4df0f69c64487efad.png,会员专享,208万追番,更新至第1035话,名侦探柯南,https://www.bilibili.com/bangumi/play/ss33378
http://i0.hdslb.com/bfs/bangumi/image/23523b8986885db62bcc7874e294aa7b5fb767f2.png,会员专享,204.5万追番,全24话,星掠者,https://www.bilibili.com/bangumi/play/ss29339
http://i0.hdslb.com/bfs/bangumi/94466dbf154b7da5fa0f1f20dae476efe8892368.jpg,,202.9万追番,全16话,我的妹妹不可能那么可爱 第一季,https://www.bilibili.com/bangumi/play/ss2660
http://i0.hdslb.com/bfs/bangumi/0d8711a929a170c133e870a2399da759f7a5897a.jpg,,199.7万追番,全26话,会长是女仆大人！,https://www.bilibili.com/bangumi/play/ss969
http://i0.hdslb.com/bfs/bangumi/1431ca5bb2f7143062e3df8f21b8448cf8cccc13.jpg,会员专享,199.7万追番,全12话,少女终末旅行,https://www.bilibili.com/bangumi/play/ss6463
http://i0.hdslb.com/bfs/bangumi/image/f62e3a533ccf9d569847aac6995f32ad152d753f.jpg,会员专享,199.6万追番,更新至第160话,博人传 火影忍者新时代,https://www.bilibili.com/bangumi/play/ss5978
http://i0.hdslb.com/bfs/bangumi/b69a9fc2ce1c50915b3158c2f6ac51ed64101b23.jpg,会员专享,198.3万追番,全13话,中二病也要谈恋爱！恋,https://www.bilibili.com/bangumi/play/ss4349
http://i0.hdslb.com/bfs/bangumi/aec7ee132ed53855118b1bc5de3f95f0d1f21875.jpg,会员专享,195.2万追番,全12话,从零开始的魔法书,https://www.bilibili.com/bangumi/play/ss6001
http://i0.hdslb.com/bfs/bangumi/image/5b00c25e00b639194f51ead01c557c9709c3ea6a.jpg,,194.9万追番,全1话,言叶之庭,https://www.bilibili.com/bangumi/play/ss2546?theme=movie
http://i0.hdslb.com/bfs/bangumi/64f2a5e01f9cca99cef8e6e4415b9bb867281d0c.jpg,,193.1万追番,全12话,小木乃伊到我家,https://www.bilibili.com/bangumi/play/ss21720
http://i0.hdslb.com/bfs/bangumi/f15812ebce696a98ee0907c8e8ac32a07e29095f.png,会员专享,192.2万追番,全13话,喜欢本大爷的竟然就你一个？,https://www.bilibili.com/bangumi/play/ss28595
http://i0.hdslb.com/bfs/bangumi/985117c4c5cce9fb0208e790554ad777c6956689.jpg,,191.6万追番,全12话,此花亭奇谭,https://www.bilibili.com/bangumi/play/ss6425
http://i0.hdslb.com/bfs/bangumi/39716626d611a765c44ca27054f3526210c4d5cb.jpg,会员专享,190.9万追番,全13话,夏目友人帐 陆,https://www.bilibili.com/bangumi/play/ss5977
http://i0.hdslb.com/bfs/bangumi/15992a6e1d737ae0319ab3788f598c223501d043.jpg,,190.8万追番,全13话,打工吧！魔王大人,https://www.bilibili.com/bangumi/play/ss2932
http://i0.hdslb.com/bfs/bangumi/bca4864e564d46bebb6dc0b14371a04fd70b3fda.jpg,付费观看,185.5万追番,全24话,戒律的复活,https://www.bilibili.com/bangumi/play/ss21729
http://i0.hdslb.com/bfs/bangumi/cbda2ba01bdc1e99db1f732dd3d2b963789039dc.png,会员专享,182.9万追番,全13话,在地下城寻求邂逅是否搞错了什么 第二季,https://www.bilibili.com/bangumi/play/ss27999
http://i0.hdslb.com/bfs/bangumi/image/d15c7b1a5b6e90abeea78844ff97f9443fc2588c.png,,182.8万追番,全14话,甘城光辉游乐园,https://www.bilibili.com/bangumi/play/ss281
http://i0.hdslb.com/bfs/bangumi/image/d42812c60a06e0483119eb07412782d425789e35.png,会员专享,182.4万追番,全12话,剑姬神圣谭  在地下城寻求邂逅是否搞错了什么 外传 ,https://www.bilibili.com/bangumi/play/ss5980
http://i0.hdslb.com/bfs/bangumi/4d06e660b8da9cb5335552f4ebde89bbcb2e9d4f.jpg,会员专享,181.5万追番,全50话,双星之阴阳师,https://www.bilibili.com/bangumi/play/ss3462
http://i0.hdslb.com/bfs/bangumi/2d8e0db5b60d2f2fa8dea5a1b3bcc5023bde69a2.jpg,会员专享,180.6万追番,全13话,K,https://www.bilibili.com/bangumi/play/ss685
http://i0.hdslb.com/bfs/bangumi/9a3ce7ccfb2f20bf1cee49c5859add6f41bdec4c.png,会员专享,180.3万追番,全12话,我，不是说了能力要平均值么！,https://www.bilibili.com/bangumi/play/ss28544
http://i0.hdslb.com/bfs/bangumi/image/8f9b76354e70d0d6223e20bb4279e64f621b36ca.png,限时免费,180.1万追番,全26话,地狱少女,https://www.bilibili.com/bangumi/play/ss4996
http://i0.hdslb.com/bfs/bangumi/35d8ddfa7536215775539a16e5f438756566a7ea.jpg,,179万追番,全16话,pop子和pipi美的日常,https://www.bilibili.com/bangumi/play/ss21719
http://i0.hdslb.com/bfs/bangumi/image/23c0bd1c4e999875449c467dc1eb08d2b723a939.jpg,会员专享,178.4万追番,更新至第138话,黑色四叶草,https://www.bilibili.com/bangumi/play/ss6422
http://i0.hdslb.com/bfs/bangumi/50667c394c8307fa7b49d3f362adebd5154b2997.jpg,,178.2万追番,全12话,异世界食堂,https://www.bilibili.com/bangumi/play/ss6310
http://i0.hdslb.com/bfs/bangumi/803ee7dc0e151ea3f634fe49e73d3b3fb93ca433.jpg,,177.8万追番,全13话,Angel Beats!,https://www.bilibili.com/bangumi/play/ss959
http://i0.hdslb.com/bfs/bangumi/964a79c96c92ef262eed53982f3a57689b6292af.jpg,,177.6万追番,全12话,Fate/Zero 第二季,https://www.bilibili.com/bangumi/play/ss779
http://i0.hdslb.com/bfs/bangumi/2bdc085a0b514276539fafda97e4043f5ea641bb.jpg,,176.4万追番,全12话,幻界战线,https://www.bilibili.com/bangumi/play/ss1553
http://i0.hdslb.com/bfs/bangumi/67da3dae76e526a925b78b1d8abe21c870333491.jpg,,175.7万追番,全12话,玉子市场,https://www.bilibili.com/bangumi/play/ss4262
http://i0.hdslb.com/bfs/bangumi/0b06b207c8f1dbbccdc475ed387ef8873deb21ac.jpg,会员专享,174.7万追番,全13话,骑士&魔法,https://www.bilibili.com/bangumi/play/ss6304
http://i0.hdslb.com/bfs/bangumi/b19629ed8445999fab9801baeced6f2759b43026.png,会员专享,174.5万追番,全13话,我们无法一起学习！,https://www.bilibili.com/bangumi/play/ss28590
http://i0.hdslb.com/bfs/bangumi/f0043f638a4ce8307e0a299349d6d6beb4e7b97b.jpg,,173.4万追番,全12话,属性咖啡厅,https://www.bilibili.com/bangumi/play/ss6432
http://i0.hdslb.com/bfs/bangumi/image/9477f8b8f2e9fefa328f8f9e3f6f6cc1e00d5aa9.png,会员抢先,173.3万追番,更新至第6话,宇崎学妹想要玩！,https://www.bilibili.com/bangumi/play/ss33800
http://i0.hdslb.com/bfs/bangumi/c53c6d891115ae783e57bc4cb0c8a456f8788fef.jpg,会员专享,172.7万追番,全12话,学战都市Asterisk,https://www.bilibili.com/bangumi/play/ss2722
http://i0.hdslb.com/bfs/bangumi/image/8027312ac645f4734e1aba8291d99be77e516176.jpg,,172.6万追剧,2016-08-26上映,你的名字。,https://www.bilibili.com/bangumi/play/ss12044?theme=movie
http://i0.hdslb.com/bfs/bangumi/34a46a3d1504d05febaa14d0b5174015649974df.jpg,,169.5万追番,全12话,终结的炽天使 名古屋决战篇,https://www.bilibili.com/bangumi/play/ss2760
http://i0.hdslb.com/bfs/bangumi/6dc385fee54865a0bd673ecfbb711997fffffd6c.png,会员专享,167.5万追番,全12话,重来吧，魔王大人！,https://www.bilibili.com/bangumi/play/ss28004
http://i0.hdslb.com/bfs/bangumi/c0faf1e86c8f7fef70d26996175598314a3f09c7.jpg,,167.2万追番,全10话,我的脑内选项正在全力妨碍学园恋爱喜剧,https://www.bilibili.com/bangumi/play/ss2673
http://i0.hdslb.com/bfs/bangumi/image/60721fa651a41b31101531ff0a3eb8fea8b72dae.jpg,,164.9万追番,全20话,伪恋,https://www.bilibili.com/bangumi/play/ss1573
http://i0.hdslb.com/bfs/bangumi/7625ac0a9409923bd3b285a978aeba04db4fd406.png,会员专享,163.4万追番,全13话,我们无法一起学习,https://www.bilibili.com/bangumi/play/ss26767
http://i0.hdslb.com/bfs/bangumi/77605418c0921578c469201d6384d6a32ed218e9.jpg,,162.5万追番,全12话,地狱少女 宵伽,https://www.bilibili.com/bangumi/play/ss6341
http://i0.hdslb.com/bfs/bangumi/image/348d999193f1a537061fad7aa0cbee3e7bb4cc3b.jpg,会员专享,162.4万追番,全1话,请问您今天要来点兔子吗？？～Sing for You～,https://www.bilibili.com/bangumi/play/ss30288
http://i0.hdslb.com/bfs/bangumi/eb4f17335f48951945fb9da47e6ee0bc65fa2fbb.jpg,会员专享,158.8万追番,全120话,齐木楠雄的灾难（日播&精选版）,https://www.bilibili.com/bangumi/play/ss5070
http://i0.hdslb.com/bfs/bangumi/c71ef4b7f85053f2f4ff7ffd8d746c9f7e0b791f.jpg,,158.3万追番,全13话,邻座的怪同学,https://www.bilibili.com/bangumi/play/ss688
http://i0.hdslb.com/bfs/bangumi/96704d5ef94722dca15f7fe07d8c004a0c770e25.jpg,,158.2万追番,全10话,问题儿童都来自异世界？,https://www.bilibili.com/bangumi/play/ss439
http://i0.hdslb.com/bfs/bangumi/image/3ca057b46ee8d536e6d86895e976c883223c33d0.png,会员专享,158万追番,全13话,魔法纪录 魔法少女小圆外传,https://www.bilibili.com/bangumi/play/ss29076
http://i0.hdslb.com/bfs/bangumi/212345f11472cd39d6209652ca926f2249fdff36.jpg,会员专享,157.6万追番,全57话,火影忍者 疾风传,https://www.bilibili.com/bangumi/play/ss3287
http://i0.hdslb.com/bfs/bangumi/image/65ff61936d9faddbd9ae17a2876e458b38dd1cdd.png,会员专享,156.4万追番,全12话,邪神与厨二病少女 第二季,https://www.bilibili.com/bangumi/play/ss32938
http://i0.hdslb.com/bfs/bangumi/d13adc58696ed52fa73ab15cb0f3e699bbcc05fb.png,会员专享,156.1万追番,全13话,Megalo Box,https://www.bilibili.com/bangumi/play/ss23880
http://i0.hdslb.com/bfs/bangumi/272e35317d38c9cbfb78fe238e83d8462acb2956.png,会员专享,156万追番,全12话,异界少女召唤术,https://www.bilibili.com/bangumi/play/ss24627
http://i0.hdslb.com/bfs/bangumi/image/f1140e330bc5993aafcea1087c542a640e4ba459.png,会员专享,155.1万追番,全13话,格莱普尼尔,https://www.bilibili.com/bangumi/play/ss32956
http://i0.hdslb.com/bfs/bangumi/image/b7ce6fd3aacb2edd1bd75e368e8838c2d768dab8.png,会员专享,154.2万追番,全13话,神之塔,https://www.bilibili.com/bangumi/play/ss32974
http://i0.hdslb.com/bfs/bangumi/4d55f8a62a717c954c5bc92fc26e0d2dc9e0592e.jpg,,153.8万追番,全12话,这个美术社大有问题！,https://www.bilibili.com/bangumi/play/ss5043
http://i0.hdslb.com/bfs/bangumi/8f540cf989b02e2db4e7de1e2fdf1ab2886b4e64.jpg,,153.2万追番,全13话,漆黑的子弹,https://www.bilibili.com/bangumi/play/ss4181
http://i0.hdslb.com/bfs/bangumi/e5e7edcb4f17cfd1ba4cd233a12f514862bf1c94.jpg,会员专享,153万追番,全12话,请问您今天要来点兔子吗？,https://www.bilibili.com/bangumi/play/ss191
http://i0.hdslb.com/bfs/bangumi/bb264d8a63e2d152ba795a1c15314cdf49d7fb49.jpg,,151.6万追番,全12话,幻界战线 & BEYOND,https://www.bilibili.com/bangumi/play/ss6439
http://i0.hdslb.com/bfs/bangumi/23b1fabb35bbc20b91207edd6a66a8719f8cd297.jpg,,150.6万追剧,2017-09-08上映,声之形,https://www.bilibili.com/bangumi/play/ss12116?theme=movie
http://i0.hdslb.com/bfs/bangumi/f32f0f1390015c98aae1839e75fb1860065d8994.jpg,,148.8万追番,全6话,无论何时我们的恋情都是10厘米。～告白实行委员会～,https://www.bilibili.com/bangumi/play/ss6470
http://i0.hdslb.com/bfs/bangumi/6d61112820c9604021c8f791034e542a511e355d.jpg,,148.6万追番,全12话,流汗吧！健身少女,https://www.bilibili.com/bangumi/play/ss28013
http://i0.hdslb.com/bfs/bangumi/fd5891a000ecdf6e76fdfea1fc204776f728c9ba.jpg,,148万追剧,2019-01-18上映,我想吃掉你的胰脏,https://www.bilibili.com/bangumi/play/ss26826?theme=movie
http://i0.hdslb.com/bfs/bangumi/902812752c6c021b7e8f75f30ea2d63db8d71d7e.jpg,会员专享,147.1万追番,全13话,K RETURN OF KINGS,https://www.bilibili.com/bangumi/play/ss2725
http://i0.hdslb.com/bfs/bangumi/b3aa44ce91b371fa2614e5bf617615210e325145.jpg,,146.5万追番,全13话,品酒要在成为夫妻后,https://www.bilibili.com/bangumi/play/ss6423
http://i0.hdslb.com/bfs/bangumi/fd9befa36466ffd6d6580a8a904f212c73af932a.jpg,,146.3万追番,全24话,魔法禁书目录 第二季,https://www.bilibili.com/bangumi/play/ss964
http://i0.hdslb.com/bfs/bangumi/6194f3436d4447a0d6aef90c87013db8daf57605.jpg,,146万追番,全12话,Just Because!,https://www.bilibili.com/bangumi/play/ss6427
http://i0.hdslb.com/bfs/bangumi/17fb2aa7eafa8f1c19ad7012d467362668159401.png,会员专享,145.7万追番,全13话,实况主的逃脱游戏,https://www.bilibili.com/bangumi/play/ss28000
http://i0.hdslb.com/bfs/bangumi/065926cbda8f464a31293758054620cca15e5589.jpg,,145.3万追番,全55话,猫和老鼠 旧版,https://www.bilibili.com/bangumi/play/ss357
http://i0.hdslb.com/bfs/bangumi/133030604f6d68986249fe34ba909c800eb685d5.jpg,,143.8万追番,全13话,Love Live! School Idol Project,https://www.bilibili.com/bangumi/play/ss3068
http://i0.hdslb.com/bfs/bangumi/1cb9e69812d7227fdb0bf5bf4eb45662fef8ea60.jpg,会员专享,143.1万追番,全13话,邪神与厨二病少女,https://www.bilibili.com/bangumi/play/ss24630
http://i0.hdslb.com/bfs/bangumi/2615ddc493f755acf9013c865863060957ffb08b.jpg,,142.7万追番,全13话,笨蛋，测验，召唤兽,https://www.bilibili.com/bangumi/play/ss842
http://i0.hdslb.com/bfs/bangumi/56f5ca7a0efbcf0edd467a481252ca2decb5a3d6.png,会员专享,142.4万追番,全12话,碧蓝航线,https://www.bilibili.com/bangumi/play/ss28516
http://i0.hdslb.com/bfs/bangumi/3d781d52aa2b93188836a1725ecdd286f8df136f.jpg,,141.8万追番,全1话,玉子爱情故事,https://www.bilibili.com/bangumi/play/ss4155?theme=movie
http://i0.hdslb.com/bfs/bangumi/ecb246e926c344840755701ffd36ee82cee7bd55.jpg,,141.4万追番,全12话,博多豚骨拉面团,https://www.bilibili.com/bangumi/play/ss21769
http://i0.hdslb.com/bfs/bangumi/9254b0bafd699c1a778c42658497948ba3038a77.png,会员专享,140.6万追番,全13话,终将成为你,https://www.bilibili.com/bangumi/play/ss25622
http://i0.hdslb.com/bfs/bangumi/77a8be24ae45d1c52b2c1a65851e6e20e63a7167.jpg,,140.3万追番,全13话,Rewrite,https://www.bilibili.com/bangumi/play/ss5020
http://i0.hdslb.com/bfs/bangumi/image/7fcaa0e98b561611538ae4deba7949cec4ca39a8.png,,139.2万追番,全12话,魔法少女小圆,https://www.bilibili.com/bangumi/play/ss2539
http://i0.hdslb.com/bfs/bangumi/ea9012550c4d720dc7756de36dd72f6984bb55c7.jpg,,137.9万追番,全12话,伪恋：,https://www.bilibili.com/bangumi/play/ss1574
http://i0.hdslb.com/bfs/bangumi/6fda8e95e61db0157008fc293360117d904239e4.jpg,,137.9万追番,全70话,百变小樱,https://www.bilibili.com/bangumi/play/ss3756
http://i0.hdslb.com/bfs/bangumi/0099eed28f8389f979dc6c66a49a0d83c7e76e42.jpg,会员专享,136.5万追番,全24话,GOSICK,https://www.bilibili.com/bangumi/play/ss856
http://i0.hdslb.com/bfs/bangumi/6c6f6b21d51753a2041ba4acf5cef1d5a6b2e4b2.jpg,会员专享,136万追番,全13话,鬼灯的冷彻,https://www.bilibili.com/bangumi/play/ss3440
http://i0.hdslb.com/bfs/bangumi/ffcbbb5536dee729d14413a840556a8a4fbcdd6c.jpg,会员专享,135.4万追番,全24话,黑执事,https://www.bilibili.com/bangumi/play/ss75
http://i0.hdslb.com/bfs/bangumi/63f236818c51f8f52dcf1b14c1892ed68affc4f3.png,会员专享,134.7万追番,全12话,刺客守则,https://www.bilibili.com/bangumi/play/ss28543
http://i0.hdslb.com/bfs/bangumi/055fcccf87dd9b2ff6d86adc43711fce5df78e44.jpg,,134.6万追番,全12话,URARA迷路帖,https://www.bilibili.com/bangumi/play/ss5776
http://i0.hdslb.com/bfs/bangumi/7e13fba734a4cf7eb7cb21959c367e82e5168637.png,会员专享,134.6万追番,全1话,Fate/kaleid liner 魔法少女☆伊莉雅 Prisma☆Phantasm,https://www.bilibili.com/bangumi/play/ss28400?theme=movie
http://i0.hdslb.com/bfs/bangumi/b3633d2e5cafa0d048f4beef63618c92cfac4c4c.jpg,,134.5万追番,全12话,我太受欢迎了该怎么办,https://www.bilibili.com/bangumi/play/ss5534
http://i0.hdslb.com/bfs/bangumi/c2c5e414d49526b00c551930c41def366c5f9136.jpg,会员专享,133.6万追番,全13话,鬼灯的冷彻 第二季,https://www.bilibili.com/bangumi/play/ss6447
http://i0.hdslb.com/bfs/bangumi/db6e926d8860a995905845a8f592669840942344.jpg,,130.6万追番,全12话,ISLAND ,https://www.bilibili.com/bangumi/play/ss24571
http://i0.hdslb.com/bfs/bangumi/image/a5a6f03dce4343c3a3d815b7dd23bc960eb22e43.jpg,会员专享,129.2万追番,全1话,名侦探柯南 唐红的恋歌,https://www.bilibili.com/bangumi/play/ss24694?theme=movie
http://i0.hdslb.com/bfs/bangumi/e4dcc80598a4133af6b1a880bb8006fa5346f31b.jpg,,129.1万追番,全12话,爱吃拉面的小泉同学,https://www.bilibili.com/bangumi/play/ss21728
http://i0.hdslb.com/bfs/bangumi/78ef9dff0fb338e6e037332821aff4b1441b9d96.jpg,,129万追番,全12话,天使的 three pieces!,https://www.bilibili.com/bangumi/play/ss6328
http://i0.hdslb.com/bfs/bangumi/c9eca3cbc386c63b27461074b8b218898cb7440e.jpg,,128.4万追番,全13话,比宇宙更远的地方,https://www.bilibili.com/bangumi/play/ss21778
http://i0.hdslb.com/bfs/bangumi/e29fe9d62d02f153db7237f748c5b296e5da4a71.jpg,,128.1万追番,全12话,One Room,https://www.bilibili.com/bangumi/play/ss5798
http://i0.hdslb.com/bfs/bangumi/8fa97d1f68517724a0afcb1ca536bfe5b818e0d8.png,会员专享,127.6万追番,全12话,街角魔族,https://www.bilibili.com/bangumi/play/ss28007
http://i0.hdslb.com/bfs/bangumi/8f67ccb853ce59adbe233da59ff6cd644a05d453.jpg,,127.5万追番,全12话,刀剑乱舞-花丸-,https://www.bilibili.com/bangumi/play/ss5515
http://i0.hdslb.com/bfs/bangumi/79aeb20ed7ea1d6fc2744c5815dc7d6ded370b50.jpg,会员专享,126.7万追番,全12话,十二大战,https://www.bilibili.com/bangumi/play/ss6420
http://i0.hdslb.com/bfs/bangumi/446c6c7e1806c0debbc3e40ba2e9d9dd00cb4a08.jpg,,126.5万追番,全26话,无头骑士异闻录,https://www.bilibili.com/bangumi/play/ss1656
http://i0.hdslb.com/bfs/bangumi/e46cc26d95a6b09541a8bda484f041eebb474c1a.png,,126.4万追番,全203话,家庭教师HITMAN REBORN!,https://www.bilibili.com/bangumi/play/ss1376
http://i0.hdslb.com/bfs/bangumi/image/9a6851ae4154c70865fea2119944762ad7463eed.png,会员专享,125.9万追番,全1话,NARUTO to BORUTO THE LIVE 2019,https://www.bilibili.com/bangumi/play/ss28877
http://i0.hdslb.com/bfs/bangumi/image/777e75287b9201b44dea3286d28e149f063e1f4a.png,限时免费,124.4万追番,全1话,Free!-Road to the World-梦,https://www.bilibili.com/bangumi/play/ss33457
http://i0.hdslb.com/bfs/bangumi/fb27390d4f300e0b7afea4ec20e4d5c664863e66.png,会员专享,124.1万追番,全13话,COP CRAFT,https://www.bilibili.com/bangumi/play/ss28011
http://i0.hdslb.com/bfs/bangumi/f62141fc96b146532480be8851efc8c3a94eedec.jpg,,123.8万追番,全12话,NEW GAME!,https://www.bilibili.com/bangumi/play/ss5027
http://i0.hdslb.com/bfs/bangumi/8aa0bfce050c72c6626b63d3093a88527c251026.jpg,会员专享,123.8万追番,全14话,轻音少女 第一季,https://www.bilibili.com/bangumi/play/ss1172
http://i0.hdslb.com/bfs/bangumi/fa89d4ce62d87c6ff641c617c6bf62c8f19ceafd.jpg,会员专享,123.7万追番,全12话,邻家索菲,https://www.bilibili.com/bangumi/play/ss25619
http://i0.hdslb.com/bfs/bangumi/6e6a7524c42efb8061985f9fe1a0448e6913c3e2.jpg,,122.7万追番,全13话,热诚传说X,https://www.bilibili.com/bangumi/play/ss5022
http://i0.hdslb.com/bfs/bangumi/2d1f224d6bf43624a0fc9320d384977a6d374c1e.jpg,,121.7万追番,全12话,机巧少女不会受伤,https://www.bilibili.com/bangumi/play/ss4388
http://i0.hdslb.com/bfs/bangumi/c4b692ad88d42f18d3c55acf8cf2204dc6b0086c.jpg,,121.7万追番,全12话,GAMERS电玩咖！,https://www.bilibili.com/bangumi/play/ss6340
http://i0.hdslb.com/bfs/bangumi/5b409a24ebdad17f0bfeb6df519b130833c34b43.jpg,会员专享,121.3万追番,全26话,DARKER THAN BLACK -黑之契约者-,https://www.bilibili.com/bangumi/play/ss1064
http://i0.hdslb.com/bfs/bangumi/6283ab61cda2525f87a9481a4db5c9e10debd892.jpg,,120.7万追番,全13话,妖精森林的小不点,https://www.bilibili.com/bangumi/play/ss21717
http://i0.hdslb.com/bfs/bangumi/bd69c56891f6e9cea0056a01c013b36d9a3e2abb.png,付费观看,119.9万追番,全26话,女神异闻录5 动画版,https://www.bilibili.com/bangumi/play/ss23878
http://i0.hdslb.com/bfs/bangumi/c30401817895e67399094b4e669785a104270cdf.jpg,会员专享,119.5万追番,全24话,冰海战记,https://www.bilibili.com/bangumi/play/ss27395
http://i0.hdslb.com/bfs/bangumi/image/eca99a1b0531c15e2a34347b9c2f8d3d8833596c.png,会员专享,118.5万追番,全13话,无限系统树,https://www.bilibili.com/bangumi/play/ss29333
http://i0.hdslb.com/bfs/bangumi/52385016afa0a7fd0e47ae169d9933dde893f7ee.jpg,,118.4万追番,全12话,绯弹的亚里亚,https://www.bilibili.com/bangumi/play/ss2993
http://i0.hdslb.com/bfs/bangumi/247c5e89bc9b26e8302830b4eb316c3af0409a47.png,会员专享,117.3万追番,全12话,川柳少女,https://www.bilibili.com/bangumi/play/ss26870
http://i0.hdslb.com/bfs/bangumi/9d1657d52788eed1c5fa6a6f0d605226928c1137.jpg,,117.1万追番,全12话,时钟机关之星,https://www.bilibili.com/bangumi/play/ss6000
http://i0.hdslb.com/bfs/bangumi/image/d5d7441c20614dc5ddc69f333f1906a09eddcee2.png,会员抢先,116.9万追番,更新至第6话,没落要塞 / DECA-DENCE,https://www.bilibili.com/bangumi/play/ss33803
http://i0.hdslb.com/bfs/bangumi/6dccd70827dd5fe30d13bc002ee06b322334c8c0.jpg,,116.3万追番,全14话,散华礼弥,https://www.bilibili.com/bangumi/play/ss710
http://i0.hdslb.com/bfs/bangumi/8cb95a71ddd461bcd31cbb75b6c1449570fd24ff.jpg,会员专享,115.6万追剧,2019-01-11上映,命运之夜——天之杯：恶兆之花,https://www.bilibili.com/bangumi/play/ss26703?theme=movie
http://i0.hdslb.com/bfs/bangumi/b2cf533450a46802519deaece0eb5dca2d75c482.jpg,,115.1万追番,全12话,樱子小姐的脚下埋着秘密,https://www.bilibili.com/bangumi/play/ss2742
http://i0.hdslb.com/bfs/bangumi/6bf7624d5b688b3e916c1ae1e94c2e16cd4714a7.jpg,,114.8万追番,全12话,弹丸论破3 -未来篇-,https://www.bilibili.com/bangumi/play/ss5056
http://i0.hdslb.com/bfs/bangumi/8acc4ecf3638f34ca336ffbaec278457a27cff40.jpg,,114.7万追番,全12话,怪化猫,https://www.bilibili.com/bangumi/play/ss2654
http://i0.hdslb.com/bfs/bangumi/image/4ebae4d1b126d84db3949bb06c41c70900871b9a.png,会员专享,114.6万追番,全12话,八男？别闹了！,https://www.bilibili.com/bangumi/play/ss32818
http://i0.hdslb.com/bfs/bangumi/bd27b817e42ad39739251bb7347c3868af10b626.png,会员专享,114.3万追番,全18话,不吉波普不笑,https://www.bilibili.com/bangumi/play/ss26303
http://i0.hdslb.com/bfs/bangumi/b0b1b1a6a0bbf325b946307db78eb600c2f123d2.jpg,,114.3万追番,全12话,Infinite Stratos 2,https://www.bilibili.com/bangumi/play/ss3489
http://i0.hdslb.com/bfs/bangumi/537ae7517d8b798e689792fbc2b0f5dfb47f084d.png,会员专享,114.1万追番,全12话,超人高中生们即便在异世界也能从容生存！,https://www.bilibili.com/bangumi/play/ss28634
http://i0.hdslb.com/bfs/bangumi/c429da0b21a93aac3f6503616da22bb4e07458cf.jpg,,113.8万追番,全24话,斩服少女,https://www.bilibili.com/bangumi/play/ss419
http://i0.hdslb.com/bfs/bangumi/739128544452337930cc7050105600b3ef0d6dbc.jpg,,113.7万追番,全12话,漫画家与助手,https://www.bilibili.com/bangumi/play/ss177
http://i0.hdslb.com/bfs/bangumi/3f390754aecd279d3915a60676fa6ea735a72010.jpg,会员专享,113.7万追番,全12话,学战都市Asterisk 第二季,https://www.bilibili.com/bangumi/play/ss3464
http://i0.hdslb.com/bfs/bangumi/image/4acb09b89035628708806100912c2950db8c94da.jpg,会员专享,113.6万追番,全1话,LoveLive! Sunshine!! 学园偶像 电影 彩虹彼端,https://www.bilibili.com/bangumi/play/ss33241?theme=movie
http://i0.hdslb.com/bfs/bangumi/7fe6ad684ad228b7d9d643160b40fae4b9694c72.jpg,,112.6万追番,全13话,零之使魔,https://www.bilibili.com/bangumi/play/ss818
http://i0.hdslb.com/bfs/bangumi/03cd3e02df47b9200cf566c1d4048baf26f504c8.jpg,,112.3万追番,全26话,EVA 新世纪福音战士,https://www.bilibili.com/bangumi/play/ss1635
http://i0.hdslb.com/bfs/bangumi/fe356b227e0005454ab2c267c9d7de902eebe837.png,会员专享,112万追番,全23话,强风吹拂,https://www.bilibili.com/bangumi/play/ss25742
http://i0.hdslb.com/bfs/bangumi/7bbdbb0814042a8046c5c83b3c3c22dd70e83fd6.jpg,,111.7万追番,全4话,她与她的猫,https://www.bilibili.com/bangumi/play/ss3375
http://i0.hdslb.com/bfs/bangumi/image/3699cc7a3e17e043fd1b089d4e27a2bc8936de95.png,会员专享,111.7万追番,全8话,Q版！黑色四叶草,https://www.bilibili.com/bangumi/play/ss31854
http://i0.hdslb.com/bfs/bangumi/image/60dbe3ecb5d279d431db14a50744cbd571c9653d.png,会员抢先,111.4万追番,更新至第5话,魔物娘的医生,https://www.bilibili.com/bangumi/play/ss33804
http://i0.hdslb.com/bfs/bangumi/0c39256b7c701547a0ce7082740dc082a50c9e68.jpg,,111.4万追番,全167话,犬夜叉,https://www.bilibili.com/bangumi/play/ss28324
http://i0.hdslb.com/bfs/bangumi/9d147171834e100259a91424ed8e5671c42411d8.jpg,,111.2万追番,全12话,青春之旅,https://www.bilibili.com/bangumi/play/ss59
http://i0.hdslb.com/bfs/bangumi/948878ec7fc44c3e824d6204b4de91abfb0dce17.jpg,,111万追番,全12话,Hand Shakers,https://www.bilibili.com/bangumi/play/ss5797
http://i0.hdslb.com/bfs/bangumi/image/cac23c77d69673e8ea86570d4f618a31e14cfe5b.png,会员专享,110万追番,全1话,魔法少女小圆 剧场版 [新篇] 叛逆的物语,https://www.bilibili.com/bangumi/play/ss27063?theme=movie
http://i0.hdslb.com/bfs/bangumi/e0b1959433cc60eeee7ae8f985c65e748a4b8cf4.jpg,,109.6万追番,全13话,弹丸论破,https://www.bilibili.com/bangumi/play/ss4400
http://i0.hdslb.com/bfs/bangumi/227177ddcbcddc326e1c751b89db24195c20e0d2.jpg,,107.5万追番,全24话,灼眼的夏娜,https://www.bilibili.com/bangumi/play/ss1600
http://i0.hdslb.com/bfs/bangumi/941b89fedfa468e422d7adb2ebb1b985413216d5.jpg,,106.5万追番,全24话,×××HOLiC,https://www.bilibili.com/bangumi/play/ss1239
http://i0.hdslb.com/bfs/bangumi/image/436df68b96dab19ecfe4c6016776b07df124ea90.jpg,会员专享,106万追番,全12话,索玛丽与森林之神,https://www.bilibili.com/bangumi/play/ss29334
http://i0.hdslb.com/bfs/bangumi/2b0d7996d9ef2a3786da05fe3f1b92857fc2e6ad.jpg,会员专享,105.9万追番,全12话,天狼 Sirius the Jaeger,https://www.bilibili.com/bangumi/play/ss24620
http://i0.hdslb.com/bfs/bangumi/8fa9d26fe84bcb09e7f6707ac0f7260deb8761ac.jpg,,105.8万追番,全14话,吹响吧！上低音号,https://www.bilibili.com/bangumi/play/ss1547
http://i0.hdslb.com/bfs/bangumi/248e9cc5b73cc3a276acf92eaf6651a7b3c90d10.jpg,,104.9万追番,全13话,Love Live! Sunshine!!,https://www.bilibili.com/bangumi/play/ss5062
http://i0.hdslb.com/bfs/bangumi/image/5d07b0a76dcbf7766df4bb498edfae15d52cbbc2.png,会员专享,104.8万追番,全13话,ReLIFE,https://www.bilibili.com/bangumi/play/ss5012
http://i0.hdslb.com/bfs/bangumi/f4535567ee32b0e96bd912e775bb5f98658694c9.jpg,,104.8万追番,全13话,关于完全听不懂老公在说什么的事 第一季,https://www.bilibili.com/bangumi/play/ss1530
http://i0.hdslb.com/bfs/bangumi/image/240846e734ce79b6f8d4a4b4a11798e409ec9564.jpg,会员专享,104.7万追番,更新至第19话,水果篮子 第二季,https://www.bilibili.com/bangumi/play/ss33046
http://i0.hdslb.com/bfs/bangumi/image/6920b7c4a888154c47b1d8c9b40a4c3524be2007.png,会员专享,104.4万追番,全12话,魔王勇者,https://www.bilibili.com/bangumi/play/ss444
http://i0.hdslb.com/bfs/bangumi/b8cf93d74af443f8dfcd2adc808a1a2545264254.jpg,会员专享,104万追番,全12话,请问您今天要来点兔子吗？？,https://www.bilibili.com/bangumi/play/ss2762
http://i0.hdslb.com/bfs/bangumi/1a106bb8dd6d1cd17a635e7f43fce11d270a7d04.jpg,,103.7万追番,全26话,来自风平浪静的明天,https://www.bilibili.com/bangumi/play/ss441
http://i0.hdslb.com/bfs/bangumi/7fb4945f864e9e988212b7d20f206df2677053f8.jpg,,103.7万追番,全12话,灰与幻想的格林姆迦尔 ,https://www.bilibili.com/bangumi/play/ss3103
http://i0.hdslb.com/bfs/bangumi/becda7a59d0fe317c51a6e357857cffca20fa0d4.jpg,,103.5万追番,全24话,DARLING in the FRANXX（僅限港澳台地區）,https://www.bilibili.com/bangumi/play/ss21680
http://i0.hdslb.com/bfs/bangumi/4c8064cf5d498af081829e3d3ff2f589e3b254e3.jpg,,103.2万追番,全12话,刻刻,https://www.bilibili.com/bangumi/play/ss21755
http://i0.hdslb.com/bfs/bangumi/fe032695a01c4b04385306b9b2a5aed565e341cf.jpg,,103万追番,全13话,噬神者,https://www.bilibili.com/bangumi/play/ss2591
http://i0.hdslb.com/bfs/bangumi/745de8b481e33dbedd8115f212c08a3f4362e1c1.jpg,,102.9万追番,全16话,我的妹妹不可能那么可爱 第二季,https://www.bilibili.com/bangumi/play/ss2661
http://i0.hdslb.com/bfs/bangumi/db9e9aad429724c83b2e3668ea0ba84838b4b77b.jpg,,102.8万追番,全12话,幻想嘉年华,https://www.bilibili.com/bangumi/play/ss1732
http://i0.hdslb.com/bfs/bangumi/7bfd5b9a4aabee8df09df12939d2f32c2f41a0d7.jpg,,102.7万追番,全22话,3月的狮子,https://www.bilibili.com/bangumi/play/ss5523
http://i0.hdslb.com/bfs/bangumi/image/2f84dd532ae5dfc16980dacdb5830423e29207d7.png,会员专享,102.5万追番,全12话,动物新世代 / BNA,https://www.bilibili.com/bangumi/play/ss32905
http://i0.hdslb.com/bfs/bangumi/ecbb7e3fd07b6ad30147e9e864ebc8c24305e97c.jpg,会员专享,102.3万追番,全13话,续 夏目友人帐,https://www.bilibili.com/bangumi/play/ss1661
http://i0.hdslb.com/bfs/bangumi/493877cdb06040c52886d6ebef19ac94dcde96b6.jpg,付费观看,102万追番,全13话,多田君不恋爱,https://www.bilibili.com/bangumi/play/ss23859
http://i0.hdslb.com/bfs/bangumi/image/d9963be5f1485752b1b288d8a5b0fe9cb64428da.png,,101.2万追番,全26话,濑户的花嫁,https://www.bilibili.com/bangumi/play/ss1270
http://i0.hdslb.com/bfs/bangumi/f506cf6ae9b8af4965826a20f604b5a12786e2cb.jpg,,100.8万追番,全13话,电波女与青春男,https://www.bilibili.com/bangumi/play/ss846
http://i0.hdslb.com/bfs/bangumi/a36c510217610bf3e8486b3b02c7d3db1a6b288c.jpg,,100.8万追番,全12话,百炼霸王与圣约女武神,https://www.bilibili.com/bangumi/play/ss24628
http://i0.hdslb.com/bfs/bangumi/image/3a74ca41bae1a94e45b3d23afbb62b7ab613b5df.png,,100.5万追番,全23话,CLANNAD ～AFTER STORY～,https://www.bilibili.com/bangumi/play/ss1178
http://i0.hdslb.com/bfs/bangumi/image/f77cc2a496278ed4629ad47f59b868808115249f.png,会员专享,100.3万追番,全12话,宝石商人理查德的谜鉴定,https://www.bilibili.com/bangumi/play/ss29343
http://i0.hdslb.com/bfs/bangumi/image/e9b2ca99905c1d2680499a16789bb3fb6fc21a14.jpg,会员专享,99.8万追番,全156话,哆啦A梦 第一季,https://www.bilibili.com/bangumi/play/ss32777
http://i0.hdslb.com/bfs/bangumi/16f9ef3ba39dc2294680ffab50811c4e89a6f8e5.jpg,,99.7万追番,全13话,狼与香辛料,https://www.bilibili.com/bangumi/play/ss1071
http://i0.hdslb.com/bfs/bangumi/921adc78b522d56b4536357d70593f41c9360800.jpg,,99.5万追番,全24话,加速世界,https://www.bilibili.com/bangumi/play/ss686
http://i0.hdslb.com/bfs/bangumi/08b4cc4bbef5c6ed8eff267201fbb1fbe3ef9faf.jpg,,99.4万追番,全12话,赤发白雪姬 第一季,https://www.bilibili.com/bangumi/play/ss2578
http://i0.hdslb.com/bfs/bangumi/1447de69cc6c425683217ca3805a6e0c72104f35.jpg,会员专享,99.3万追番,全1话,魔法少女小圆 剧场版 [前篇] 起始的物语,https://www.bilibili.com/bangumi/play/ss4316?theme=movie
http://i0.hdslb.com/bfs/bangumi/faa8ac33e4ae5c6601d25f6e90f6ff64edf41292.jpg,,99万追番,全12话,学园孤岛,https://www.bilibili.com/bangumi/play/ss2592
http://i0.hdslb.com/bfs/bangumi/296a1d5fd863c94c4a0b7d8e60afd7a1cab19ff7.jpg,会员专享,98.9万追番,全12话,百武装战记,https://www.bilibili.com/bangumi/play/ss3463
http://i0.hdslb.com/bfs/bangumi/bf5603c57dee60c2ccfdc1c8b907e1b20e24ce1b.jpg,,98.8万追番,全5话,星之梦,https://www.bilibili.com/bangumi/play/ss5045
http://i0.hdslb.com/bfs/bangumi/b58387eafd223d1a24ef97cf6a38e7df7fb8bf61.jpg,,98.2万追番,全12话,UQ HOLDER！悠久持有者！,https://www.bilibili.com/bangumi/play/ss6418
http://i0.hdslb.com/bfs/bangumi/1113d844ad3a9b42af576d80142146cbecc1b7ff.jpg,,97.7万追番,全24话,Fate/stay night  06版,https://www.bilibili.com/bangumi/play/ss25210
http://i0.hdslb.com/bfs/bangumi/c70cb401c95300511efa8bc651c76cf065499225.jpg,,97.7万追番,全12话,弹丸论破3 -绝望篇-,https://www.bilibili.com/bangumi/play/ss5057
http://i0.hdslb.com/bfs/bangumi/f08563c79e63e329869aed6bf4743df5d4a63bd4.jpg,会员专享,97.4万追番,全1话,魔法少女小圆 剧场版 [后篇] 永远的物语,https://www.bilibili.com/bangumi/play/ss4317?theme=movie
http://i0.hdslb.com/bfs/bangumi/1cfc53c179f64af499c63166284077d5d2f27b69.jpg,,97.1万追番,全1话,Fate/stay night [Unlimited Blade Works] 特典,https://www.bilibili.com/bangumi/play/ss2843
http://i0.hdslb.com/bfs/bangumi/cc86763c875508c3670d8033eaa9b07b150b4988.jpg,,96.8万追番,全11话,Rewrite 2nd Season,https://www.bilibili.com/bangumi/play/ss5806
http://i0.hdslb.com/bfs/bangumi/39bfc409fe95db6812624f378194612de89c143d.jpg,,96.8万追番,全12话,银仙,https://www.bilibili.com/bangumi/play/ss297
http://i0.hdslb.com/bfs/bangumi/dcf71901090b00760010d33bee4627d600867bb9.jpg,,95.1万追番,全26话,欢迎光临樱兰高校,https://www.bilibili.com/bangumi/play/ss1407
http://i0.hdslb.com/bfs/bangumi/59c494b792a1379857a44f3d75b5802c89c13805.jpg,会员专享,95万追番,全12话,粗点心战争,https://www.bilibili.com/bangumi/play/ss3120
http://i0.hdslb.com/bfs/bangumi/d48dcee11f88a720fbb9112b83a412366d778c0b.jpg,,94.9万追番,全10话,魔法少女☆伊莉雅 2WEI HERZ!,https://www.bilibili.com/bangumi/play/ss2575
http://i0.hdslb.com/bfs/bangumi/263a03ffc299f1ada5acd6b0a098aeb18c03e58c.jpg,会员专享,94.3万追番,全13话,夏目友人帐 参,https://www.bilibili.com/bangumi/play/ss1662
http://i0.hdslb.com/bfs/bangumi/468ebdb93491b6fa263cf5eb829a0ec65ed266ab.png,会员专享,94.2万追番,全12话,只要贝尔哲布布大小姐喜欢就好,https://www.bilibili.com/bangumi/play/ss25697
http://i0.hdslb.com/bfs/bangumi/2ed6be9050dfa4afe6e2651741d81843a0e81c67.jpg,,94.2万追番,全13话,黑白来看守所,https://www.bilibili.com/bangumi/play/ss5548
http://i0.hdslb.com/bfs/bangumi/32b9130648a95cf13729b0eecacf6e0c1af9ccc0.jpg,,94.2万追番,全13话,白色相簿2,https://www.bilibili.com/bangumi/play/ss3516
http://i0.hdslb.com/bfs/bangumi/4904d1211fd44dd1711f2e02454f1aa78b82f090.jpg,会员专享,92.9万追番,全13话,夏目友人帐 肆,https://www.bilibili.com/bangumi/play/ss1663
http://i0.hdslb.com/bfs/bangumi/94b8e40429614d34374da619f0fc433e7c91a278.jpg,,92.6万追番,全12话,猫咪日常,https://www.bilibili.com/bangumi/play/ss5786
http://i0.hdslb.com/bfs/bangumi/a69ff3a007491415d2a6f00e753c657761bc2e3f.jpg,会员专享,91.6万追剧,2019-02-22上映,朝花夕誓,https://www.bilibili.com/bangumi/play/ss26823?theme=movie
http://i0.hdslb.com/bfs/bangumi/5190b555298eb99c7d7f62eb2ca3891389bd00f8.jpg,,90.3万追番,全12话,NEW GAME!!,https://www.bilibili.com/bangumi/play/ss6330
http://i0.hdslb.com/bfs/bangumi/image/091c239253b95c1c8d32d76ae18bbd14887b8cc4.png,会员专享,90.1万追番,全12话,恋爱小行星,https://www.bilibili.com/bangumi/play/ss29350
http://i0.hdslb.com/bfs/bangumi/6de861925c772076a747844427bf49c252a8accf.jpg,,89.6万追番,全13话,一起一起这里那里,https://www.bilibili.com/bangumi/play/ss782
http://i0.hdslb.com/bfs/bangumi/9ba055dbffa735c6f466215cd73384afca56d186.jpg,会员专享,89.1万追番,全12话,终物语,https://www.bilibili.com/bangumi/play/ss2747
http://i0.hdslb.com/bfs/bangumi/2298bee824a966a44b3dcff6c2f9377aa1d95fa8.jpg,,87.5万追番,全12话,雏子的笔记,https://www.bilibili.com/bangumi/play/ss5993
http://i0.hdslb.com/bfs/bangumi/65df4b3b6d212a59c6221def7ff82c3d549483ef.jpg,,87万追番,全26话,虫师,https://www.bilibili.com/bangumi/play/ss1715
http://i0.hdslb.com/bfs/bangumi/23ffac3faaadddedbb8ef47b84329946d306174f.jpg,,86.1万追番,全12话,对魔导学园35试验小队,https://www.bilibili.com/bangumi/play/ss2724
http://i0.hdslb.com/bfs/bangumi/1aa1cee348544dbd677e05cbeaa85c52c11e1a06.jpg,,86.1万追番,全25话,小魔女学园 TV版,https://www.bilibili.com/bangumi/play/ss5788
http://i0.hdslb.com/bfs/bangumi/43f57552e9ffc23e3b870e1408173c630a30fb1e.jpg,,85.6万追番,全12话,农林,https://www.bilibili.com/bangumi/play/ss249
http://i0.hdslb.com/bfs/bangumi/07586cac5807cef3a6af19dff6a449a9af9d6a1c.png,,85.4万追番,全12话,同居人是猫,https://www.bilibili.com/bangumi/play/ss26289
http://i0.hdslb.com/bfs/bangumi/d07029e4116a7a424c922d9b85173915d4287fe0.png,会员专享,85.4万追番,全25话,水果篮子 (2019),https://www.bilibili.com/bangumi/play/ss26766
http://i0.hdslb.com/bfs/bangumi/5626f7afbd39a0b4561dea5bd267ba1ef2248c0d.jpg,,85.4万追番,全12话,天真与闪电,https://www.bilibili.com/bangumi/play/ss5029
http://i0.hdslb.com/bfs/bangumi/6fbb692726fb77614ef2abf44f10a983556d913f.jpg,会员专享,85.1万追番,全12话,王室教师海涅,https://www.bilibili.com/bangumi/play/ss5990
http://i0.hdslb.com/bfs/bangumi/f04c66e413c0334fb035980bd22757a5230a7fd7.jpg,,83.9万追番,全25话,记录的地平线,https://www.bilibili.com/bangumi/play/ss289
http://i0.hdslb.com/bfs/bangumi/3622ff139d6875c7b196edd3f9db7d0a3883a158.jpg,,83.8万追剧,2017-09-15上映,刀剑神域：序列之争,https://www.bilibili.com/bangumi/play/ss12364?theme=movie
http://i0.hdslb.com/bfs/bangumi/2d8dbe50b57828a2f15a0e67bb22cd96f76a4a7a.jpg,,83.4万追番,全26话,Little Busters!,https://www.bilibili.com/bangumi/play/ss3242
http://i0.hdslb.com/bfs/bangumi/5f921ab5be2bbb8359d9c70b1b1caa817ca18e80.jpg,会员专享,83.4万追剧,2019-06-01上映,哆啦A梦：大雄的月球探险记,https://www.bilibili.com/bangumi/play/ss28772?theme=movie
http://i0.hdslb.com/bfs/bangumi/a337b8dbb45a43b78d0c0f485695b4b6336dccbc.jpg,,83.3万追番,全13话,恋爱研究所,https://www.bilibili.com/bangumi/play/ss451
http://i0.hdslb.com/bfs/bangumi/0342f8915854f6ee18869137b0361d3b70d9f9da.png,会员专享,83万追番,全12话,Free!-Dive to the Future-,https://www.bilibili.com/bangumi/play/ss24570
http://i0.hdslb.com/bfs/bangumi/d30e6af3ce38f09dedb56a6e3235bcd780ca8c2c.jpg,,82.9万追番,全12话,一周的朋友。,https://www.bilibili.com/bangumi/play/ss173
http://i0.hdslb.com/bfs/bangumi/image/f8e71d926fefcf657cab6e8404ece3fe15df7ee2.png,会员抢先,82.7万追番,更新至第18话,非枪人生 第二季,https://www.bilibili.com/bangumi/play/ss33021
http://i0.hdslb.com/bfs/bangumi/image/fa2700aa713fd3f770599fe816b4f84f260519ca.jpg,会员专享,82.2万追番,全13话,吹响吧！上低音号 第二季,https://www.bilibili.com/bangumi/play/ss28937
http://i0.hdslb.com/bfs/bangumi/a5ebca79073cd3036e86226f3e16315276725a52.jpg,会员专享,82.1万追番,全51话,钢之炼金术师,https://www.bilibili.com/bangumi/play/ss1088
http://i0.hdslb.com/bfs/bangumi/d8b8277b649ea9239e6614237b7fc2264dcea8aa.jpg,,81.6万追番,全25话,好想告诉你 第一季,https://www.bilibili.com/bangumi/play/ss857
http://i0.hdslb.com/bfs/bangumi/eecd5201559d7edc7eee9b77be55053a81873f26.jpg,,81.5万追番,全12话,神的记事本,https://www.bilibili.com/bangumi/play/ss897
http://i0.hdslb.com/bfs/bangumi/fd69cb22147485b96b4ad60cd95f6a8e64fa5c21.jpg,,81.4万追番,更新至第122话,精灵宝可梦 日月,https://www.bilibili.com/bangumi/play/ss5707
http://i0.hdslb.com/bfs/bangumi/20aa8ff13d6809538c16a6648adeb77d8aa767f8.jpg,,81.3万追番,全8话,BLACK★ROCK SHOOTER,https://www.bilibili.com/bangumi/play/ss1665
http://i0.hdslb.com/bfs/bangumi/5d1364ae198c6e29c2daa64e48ad539fe5094496.jpg,,81万追番,全12话,超自然9人组,https://www.bilibili.com/bangumi/play/ss5526
http://i0.hdslb.com/bfs/bangumi/c2d4b22675f78f07d3b6562a0e336ac110cc35d7.jpg,,80.3万追番,全12话,空战魔导士候补生的教官,https://www.bilibili.com/bangumi/play/ss2583
http://i0.hdslb.com/bfs/bangumi/324695f281a5072f136b32c416be87a5d2f927a2.jpg,,80万追番,全12话,群居姐妹,https://www.bilibili.com/bangumi/play/ss2614
http://i0.hdslb.com/bfs/bangumi/f0841da0acbb37bfd2d51700cc2a6c4dfa045295.jpg,,79.7万追番,全12话,進擊的巨人 第二季（僅限台灣地區）,https://www.bilibili.com/bangumi/play/ss5970
http://i0.hdslb.com/bfs/bangumi/cc27b47f07d14e3de0f6f7d60ede625fb9ae9727.png,,79.2万追番,全13话,One Room 第二季,https://www.bilibili.com/bangumi/play/ss24572
http://i0.hdslb.com/bfs/bangumi/b1916cb8eb07b565e018c174b7b73ecb51eb29e3.jpg,会员专享,79万追番,全25话,青之驱魔师,https://www.bilibili.com/bangumi/play/ss861
http://i0.hdslb.com/bfs/bangumi/63657caaa641144498e8eef394af61ce452c96ea.jpg,,78.7万追番,全26话,超时空要塞Δ,https://www.bilibili.com/bangumi/play/ss3530
http://i0.hdslb.com/bfs/bangumi/d61a2df4a7b441200a7cad201372f281bf8d0ce9.jpg,,78.5万追番,全10话,魔法少女☆伊莉雅 2WEI!,https://www.bilibili.com/bangumi/play/ss2574
http://i0.hdslb.com/bfs/bangumi/image/bb52dc7127b6b9cec5679dba70dd200c2bd98584.jpg,会员专享,78万追番,全1话,吹响吧！上低音号～欢迎来到北宇治高中吹奏乐部～,https://www.bilibili.com/bangumi/play/ss28938?theme=movie
http://i0.hdslb.com/bfs/bangumi/3ee3e267731be4cac9ef39a905714de06fd66d59.jpg,会员专享,77.7万追番,全25话,敦君与女朋友,https://www.bilibili.com/bangumi/play/ss23838
http://i0.hdslb.com/bfs/bangumi/8274f1107032a6fe0843dc9cf875d887d6ad0f03.jpg,,77.6万追番,全17话,恋爱随意链接,https://www.bilibili.com/bangumi/play/ss713
http://i0.hdslb.com/bfs/bangumi/a9f02086131b2d351027100f8caadc1d27221f4e.jpg,会员专享,77.6万追番,全25话,黑子的篮球,https://www.bilibili.com/bangumi/play/ss1624
http://i0.hdslb.com/bfs/bangumi/416f6c7442c07c17d93b9d8dc558461022b4ae40.jpg,,77.3万追番,全13话,小桃小栗Love Love物语,https://www.bilibili.com/bangumi/play/ss5016
http://i0.hdslb.com/bfs/bangumi/9eb80f010c1c45a298fae09d970d422eeab79f70.jpg,,77.2万追番,全4话,ReLIFE 完结篇,https://www.bilibili.com/bangumi/play/ss23884
http://i0.hdslb.com/bfs/bangumi/083feff33f0d4ee42d174f87336c7b5101a158d1.jpg,,77.2万追番,全12话,我，要成为双马尾。,https://www.bilibili.com/bangumi/play/ss324
http://i0.hdslb.com/bfs/bangumi/1180c222b427a3171faae1245c46a6452f14bdee.jpg,,77万追番,全13话,Love Live! School Idol Project（第二季）,https://www.bilibili.com/bangumi/play/ss3071
http://i0.hdslb.com/bfs/bangumi/783bcdb50d9702b23e3aef2e6a5bbd0508465a87.jpg,,76.8万追番,全12话,少女编号,https://www.bilibili.com/bangumi/play/ss5532
http://i0.hdslb.com/bfs/bangumi/fa218bbc1f73d86824dddb3048691058a82ccf25.jpg,,76.4万追番,全12话,苍之彼方的四重奏,https://www.bilibili.com/bangumi/play/ss3106
http://i0.hdslb.com/bfs/bangumi/3da24e9684fb21e7554eebeb9e76fbdf144e3779.png,,76万追番,全12话,Caligula 卡里古拉,https://www.bilibili.com/bangumi/play/ss23818
http://i0.hdslb.com/bfs/bangumi/c1fafbd989cc1ca6c1cd739cc008547307af5dbf.jpg,,75.8万追番,全12话,初恋怪兽,https://www.bilibili.com/bangumi/play/ss5018
http://i0.hdslb.com/bfs/bangumi/image/c8cdae20accbcbe0c1a54978a7a5bb85d2a59bff.jpg,会员专享,75.1万追番,全1话,吹响吧！上低音号～誓言的终章～,https://www.bilibili.com/bangumi/play/ss28951?theme=movie
http://i0.hdslb.com/bfs/bangumi/b91c29d27f007092b0f54ff480a1d6854478ce24.jpg,,74.4万追番,全25话,樱花任务,https://www.bilibili.com/bangumi/play/ss5992
http://i0.hdslb.com/bfs/bangumi/a4564ec2fb54e059d94608808ed06ebfa1167a6a.jpg,付费观看,74.1万追番,全12话,魔法少女 俺,https://www.bilibili.com/bangumi/play/ss23871
http://i0.hdslb.com/bfs/bangumi/6ce4e85797b511f9c77734af7360bda53719df7d.jpg,,73.9万追番,全12话,AIR,https://www.bilibili.com/bangumi/play/ss1816
http://i0.hdslb.com/bfs/bangumi/image/360f5fe2d1aca00061c981d300ddf897da6aff51.jpg,,73.7万追番,全13话,境界线上的地平线,https://www.bilibili.com/bangumi/play/ss2676
http://i0.hdslb.com/bfs/bangumi/6f0fc60f4319db3f3463488df5a0cae5ee283281.jpg,会员专享,73.6万追番,全12话,Taboo Tattoo－禁忌咒纹－,https://www.bilibili.com/bangumi/play/ss5031
http://i0.hdslb.com/bfs/bangumi/0e6d5571659719b0ce20c601052573344aa19630.png,会员专享,73.5万追番,全1话,剧场版 中二病也要谈恋爱！ -Take On Me-,https://www.bilibili.com/bangumi/play/ss25045?theme=movie
http://i0.hdslb.com/bfs/bangumi/66ae74593891a95ee80d2c7cabc41d141acec928.jpg,,73.5万追番,全12话,狗与剪刀的正确用法,https://www.bilibili.com/bangumi/play/ss2783
http://i0.hdslb.com/bfs/bangumi/image/a237464905f461476a7bbd2e02eff8c85648c336.png,,73.1万追番,全1话,云之彼端，约定的地方,https://www.bilibili.com/bangumi/play/ss2545?theme=movie
http://i0.hdslb.com/bfs/bangumi/0f8c9a4532a7cf47ce65fb60a3ce8fbedf836694.jpg,,73万追番,全24话,青春纪行 / 金色时光,https://www.bilibili.com/bangumi/play/ss468
http://i0.hdslb.com/bfs/bangumi/0aad6593530a088c531272b9c9c0a3b81db30317.jpg,,72.6万追番,全12话,ACCA13区监察课,https://www.bilibili.com/bangumi/play/ss5795
http://i0.hdslb.com/bfs/bangumi/image/6272d50bfa30e13e98bc6f78e7e86ca7745a4c72.jpg,会员专享,72.5万追番,全12话,暗黑破坏神在身边。,https://www.bilibili.com/bangumi/play/ss29327
http://i0.hdslb.com/bfs/bangumi/98ecf55a5b23a043fc4874be9f129b36b6a9a5a6.jpg,付费观看,72.4万追番,全13话,鬼灯的冷彻 第二季 其二,https://www.bilibili.com/bangumi/play/ss23877
http://i0.hdslb.com/bfs/bangumi/f25e673d10a0524203552230c29861d43427ae7d.jpg,,72.2万追番,全13话,GANGSTA.,https://www.bilibili.com/bangumi/play/ss2601
http://i0.hdslb.com/bfs/bangumi/a3b2db2edeeac4fb51446724458cf93fe46d2797.jpg,会员专享,72.2万追番,全12话,一个人的〇〇小日子,https://www.bilibili.com/bangumi/play/ss26818
http://i0.hdslb.com/bfs/bangumi/1eaf4c554ba073db011da2d80b5abda7960321e1.jpg,会员专享,71.8万追番,全1话,从很久以前就喜欢你了。～告白实行委员会～,https://www.bilibili.com/bangumi/play/ss5575?theme=movie
http://i0.hdslb.com/bfs/bangumi/46872e4e59ee0e3e3afc8479ba5a2f6a3c266671.jpg,限时免费,71.8万追番,全12话,Free!,https://www.bilibili.com/bangumi/play/ss4394
http://i0.hdslb.com/bfs/bangumi/image/ddea3bbc9913be96245709aca36e8bdf19285b26.png,会员专享,71.6万追番,全12话,22/7,https://www.bilibili.com/bangumi/play/ss29109
http://i0.hdslb.com/bfs/bangumi/c521e6f0d05b8aaba24ec96265fe707d5f3b9c16.jpg,,71.6万追番,全26话,妖怪公寓的幽雅日常,https://www.bilibili.com/bangumi/play/ss6308
http://i0.hdslb.com/bfs/bangumi/15858c2ba0cc4356665b31529b646ed64b0d3a63.jpg,,70.4万追番,全12话,Slow Start,https://www.bilibili.com/bangumi/play/ss21675
http://i0.hdslb.com/bfs/bangumi/748ecaf2582d3d8388dd49e70a5d9d85a4aa1465.jpg,,70.4万追番,全26话,花开伊吕波,https://www.bilibili.com/bangumi/play/ss845
http://i0.hdslb.com/bfs/bangumi/e7950f21042cade73ed4282d988d131769c98d5d.jpg,会员专享,70万追番,全28话,凉宫春日的忧郁 2009,https://www.bilibili.com/bangumi/play/ss1057
http://i0.hdslb.com/bfs/bangumi/42b3d6d1e7a62d165cdf17e00495352c28e86e72.jpg,会员专享,69.9万追番,全12话,黑执事II,https://www.bilibili.com/bangumi/play/ss4586
http://i0.hdslb.com/bfs/bangumi/74209aab1b6a61614a0fa278da1078aa8698ed4b.png,会员专享,69.8万追番,全14话,弦音 -风舞高中弓道部-,https://www.bilibili.com/bangumi/play/ss25696
http://i0.hdslb.com/bfs/bangumi/b7643633f756ccc51746ff6f48ebd39ef0895c7a.jpg,,69.8万追番,全25话,魔笛MAGI,https://www.bilibili.com/bangumi/play/ss470
http://i0.hdslb.com/bfs/bangumi/aaa60f9cb17fb4a38df464f1064ca9623e0769cc.jpg,,69.3万追番,全25话,来自新世界,https://www.bilibili.com/bangumi/play/ss1598
http://i0.hdslb.com/bfs/bangumi/4d14e521d22af0d0d9747e2f063d400a0646c8d5.png,,69.2万追番,全12话,Comic Girls,https://www.bilibili.com/bangumi/play/ss23829
http://i0.hdslb.com/bfs/bangumi/image/d3e072d4d4fa05d1a94ed2f4d28258dbef100433.png,会员专享,69.1万追番,全1话,为美好的世界献上祝福！红传说,https://www.bilibili.com/bangumi/play/ss33290?theme=movie
http://i0.hdslb.com/bfs/bangumi/fbdfd6cdce9b9b7f71afd1646f0b3eb88593dcbb.jpg,,68.5万追番,全12话,三坪房间的侵略者！,https://www.bilibili.com/bangumi/play/ss4120
http://i0.hdslb.com/bfs/bangumi/1b8b5ee0f23819c986b752d430c95b1fef2d5d79.jpg,,68.4万追番,全26话,滑头鬼之孙,https://www.bilibili.com/bangumi/play/ss899
http://i0.hdslb.com/bfs/bangumi/86dd95a3aa0ab78e1b7ccc2934e1dd3a6c30fcbe.png,,68.3万追番,全13话,ULTRAMAN 机动奥特曼,https://www.bilibili.com/bangumi/play/ss26765
http://i0.hdslb.com/bfs/bangumi/8e8852adfc91eef6557061e09e388b80e89fd6f6.png,会员专享,68.3万追番,全10话,玛纳利亚的密友（Mysteria Friends）/巴哈姆特之怒/玛娜利亚魔法学院,https://www.bilibili.com/bangumi/play/ss26271
